source_name,airline,flight_number,origin,destination,departure_time,arrival_time,departure_timezone,arrival_timezone,stops,stop_airports,cabin_class,cabin_class_original,original_price,original_currency,base_currency,exchange_rate_used,converted_price_base,ticket_link,baggage_info,fare_rules,search_time,search_date,is_cheapest
Kayak,Kayak (multiple airlines),,MAN,FRA,,,Europe/London,Europe/Berlin,0,,economy,Economy,93.0,GBP,EUR,0.853976,108.9,https://www.kayak.co.uk/flights/MAN-FRA/2026-08-15,Check booking site,Price from Kayak,2026-07-26 16:00:43,2026-08-15,TRUE
OctoTrip,Ryanair,FR6838,MAN,FRA,18:45,09:50,Europe/London,Europe/Berlin,1,PRG,economy,Economy,115.08,EUR,EUR,1.0,115.08,https://mcp.octotrip.app/flights/r/019f9e15-8850-8040-a627-abb1e0a48717?u=11200000,Check provider,Duration: 845min,2026-07-26 16:00:43,2026-08-15,FALSE
OctoTrip,Aer Lingus,FR559,MAN,FRA,23:10,10:15,Europe/London,Europe/Berlin,1,DUB,economy,Economy,119.35,EUR,EUR,1.0,119.35,https://mcp.octotrip.app/flights/r/019f9e15-8850-8040-a627-abb1e0a48717?u=20300007,Check provider,Duration: 605min,2026-07-26 16:00:43,2026-08-15,FALSE
OctoTrip,Aer Lingus,RK1900,MAN,FRA,19:00,10:15,Europe/London,Europe/Berlin,1,DUB,economy,Economy,125.06,EUR,EUR,1.0,125.06,https://mcp.octotrip.app/flights/r/019f9e15-8850-8040-a627-abb1e0a48717?u=11200002,Check provider,Duration: 855min,2026-07-26 16:00:43,2026-08-15,FALSE
Google Flights,Lufthansa,LH1035,MAN,FRA,10:35,19:50,Europe/London,Europe/Berlin,2,"MUC,PRG",economy,Economy,172.0,EUR,EUR,1.0,172.0,https://www.google.com/travel/flights?q=Flights+to+FRA+from+MAN+on+2026-08-15,Check airline,Duration: 240min,2026-07-26 16:00:43,2026-08-15,FALSE
Ignav API,Lufthansa,LH2501,MAN,FRA,10:35,19:50,Europe/London,Europe/Berlin,2,"MUC,PRG",economy,economy,196.0,USD,EUR,1.137946,172.24,https://ignav.com/book/9386f4b0e8ae4b1f801750fb3b629905,Check airline,verified,2026-07-26 16:00:43,2026-08-15,FALSE
WhentoFly,Lufthansa,,MAN,FRA,,,Europe/London,Europe/Berlin,2,,economy,Economy,196.0,USD,EUR,1.137946,172.24,https://aviasales.tpm.li/Rab1aQxX,Check provider,Price via Aviasales/WhentoFly,2026-07-26 16:00:43,2026-08-15,FALSE
Kayak,Kayak (multiple airlines),,MAN,FRA,,,Europe/London,Europe/Berlin,0,,economy,Economy,164.0,GBP,EUR,0.853976,192.04,https://www.kayak.co.uk/flights/MAN-FRA/2026-08-15,Check booking site,Price from Kayak,2026-07-26 16:00:43,2026-08-15,FALSE
Ignav API,KLM,KL1036,MAN,FRA,17:30,22:00,Europe/London,Europe/Berlin,1,AMS,economy,economy,225.0,USD,EUR,1.137946,197.72,https://ignav.com/book/e5936808fcda49148e04740da89191e5,Check airline,verified,2026-07-26 16:00:43,2026-08-15,FALSE
Ignav API,KLM,KL1028,MAN,FRA,05:55,11:05,Europe/London,Europe/Berlin,1,AMS,economy,economy,225.0,USD,EUR,1.137946,197.72,https://ignav.com/book/ba7a8f4b46a6404a9f3b4109a8aadaa8,Check airline,verified,2026-07-26 16:00:43,2026-08-15,FALSE
WhentoFly,KLM,,MAN,FRA,,,Europe/London,Europe/Berlin,1,,economy,Economy,225.0,USD,EUR,1.137946,197.72,https://aviasales.tpm.li/ReveK6Cl,Check provider,Price via Aviasales/WhentoFly,2026-07-26 16:00:43,2026-08-15,FALSE
Kayak,Kayak (multiple airlines),,MAN,FRA,,,Europe/London,Europe/Berlin,0,,economy,Economy,190.0,GBP,EUR,0.853976,222.49,https://www.kayak.co.uk/flights/MAN-FRA/2026-08-15,Check booking site,Price from Kayak,2026-07-26 16:00:43,2026-08-15,FALSE
Kayak,Kayak (multiple airlines),,MAN,FRA,,,Europe/London,Europe/Berlin,0,,economy,Economy,191.0,GBP,EUR,0.853976,223.66,https://www.kayak.co.uk/flights/MAN-FRA/2026-08-15,Check booking site,Price from Kayak,2026-07-26 16:00:43,2026-08-15,FALSE
Google Flights,Scandinavian Airlines,SK1910,MAN,FRA,19:10,00:00,Europe/London,Europe/Berlin,1,CPH,economy,Economy,224.0,EUR,EUR,1.0,224.0,https://www.google.com/travel/flights?q=Flights+to+FRA+from+MAN+on+2026-08-15,Check airline,Duration: 205min,2026-07-26 16:00:43,2026-08-15,FALSE
Ignav API,Scandinavian Airlines,SK542,MAN,FRA,19:10,19:00,Europe/London,Europe/Berlin,1,CPH,economy,economy,255.0,USD,EUR,1.137946,224.09,https://ignav.com/book/25f8341297204187a147bbfea88edd34,Check airline,verified,2026-07-26 16:00:43,2026-08-15,FALSE
WhentoFly,Scandinavian Airlines,,MAN,FRA,,,Europe/London,Europe/Berlin,1,,economy,Economy,255.0,USD,EUR,1.137946,224.09,https://aviasales.tpm.li/GSV6nwXd,Check provider,Price via Aviasales/WhentoFly,2026-07-26 16:00:43,2026-08-15,FALSE
Kayak,Kayak (multiple airlines),,MAN,FRA,,,Europe/London,Europe/Berlin,0,,economy,Economy,192.0,GBP,EUR,0.853976,224.83,https://www.kayak.co.uk/flights/MAN-FRA/2026-08-15,Check booking site,Price from Kayak,2026-07-26 16:00:43,2026-08-15,FALSE
Kayak,Kayak (multiple airlines),,MAN,FRA,,,Europe/London,Europe/Berlin,0,,economy,Economy,197.0,GBP,EUR,0.853976,230.69,https://www.kayak.co.uk/flights/MAN-FRA/2026-08-15,Check booking site,Price from Kayak,2026-07-26 16:00:43,2026-08-15,FALSE
Google Flights,Air France,AF1420,MAN,FRA,14:20,22:05,Europe/London,Europe/Berlin,1,CDG,economy,Economy,232.0,EUR,EUR,1.0,232.0,https://www.google.com/travel/flights?q=Flights+to+FRA+from+MAN+on+2026-08-15,Check airline,Duration: 175min,2026-07-26 16:00:43,2026-08-15,FALSE
Kayak,Kayak (multiple airlines),,MAN,FRA,,,Europe/London,Europe/Berlin,0,,economy,Economy,205.0,GBP,EUR,0.853976,240.05,https://www.kayak.co.uk/flights/MAN-FRA/2026-08-15,Check booking site,Price from Kayak,2026-07-26 16:00:43,2026-08-15,FALSE
Kayak,Kayak (multiple airlines),,MAN,FRA,,,Europe/London,Europe/Berlin,0,,economy,Economy,210.0,GBP,EUR,0.853976,245.91,https://www.kayak.co.uk/flights/MAN-FRA/2026-08-15,Check booking site,Price from Kayak,2026-07-26 16:00:43,2026-08-15,FALSE
Ignav API,British Airways,BA1369,MAN,FRA,16:45,21:45,Europe/London,Europe/Berlin,1,LHR,economy,economy,281.0,USD,EUR,1.137946,246.94,https://ignav.com/book/7ab5f5e692444e9196a18ba6f5304615,Check airline,verified,2026-07-26 16:00:43,2026-08-15,FALSE
WhentoFly,British Airways,,MAN,FRA,,,Europe/London,Europe/Berlin,1,,economy,Economy,281.0,USD,EUR,1.137946,246.94,https://aviasales.tpm.li/6EuJc4rg,Check provider,Price via Aviasales/WhentoFly,2026-07-26 16:00:43,2026-08-15,FALSE
OctoTrip,Lufthansa,LH4215,MAN,FRA,06:05,08:50,Europe/London,Europe/Berlin,0,,economy,Economy,252.11,EUR,EUR,1.0,252.11,https://mcp.octotrip.app/flights/r/019f9e15-8850-8040-a627-abb1e0a48717?u=19200039,Check provider,Duration: 105min,2026-07-26 16:00:43,2026-08-15,FALSE
Ignav API,Lufthansa City Airlines,VL949,MAN,FRA,06:05,08:50,Europe/London,Europe/Berlin,0,,economy,economy,289.0,USD,EUR,1.137946,253.97,https://ignav.com/book/5da108c4056a41e4a9a3e6e51cbc879d,Check airline,verified,2026-07-26 16:00:43,2026-08-15,FALSE
WhentoFly,Lufthansa City Airlines,,MAN,FRA,,,Europe/London,Europe/Berlin,0,,economy,Economy,289.0,USD,EUR,1.137946,253.97,https://aviasales.tpm.li/oHcfYxOV,Check provider,Price via Aviasales/WhentoFly,2026-07-26 16:00:43,2026-08-15,FALSE
OctoTrip,Lufthansa City Airlines,VL949,MAN,FRA,06:05,08:50,Europe/London,Europe/Berlin,0,,economy,Economy,272.75,EUR,EUR,1.0,272.75,https://mcp.octotrip.app/flights/r/019f9e15-8850-8040-a627-abb1e0a48717?u=12000027,Check provider,Duration: 105min,2026-07-26 16:00:43,2026-08-15,FALSE
Ignav API,Scandinavian Airlines,SK540,MAN,FRA,09:35,14:35,Europe/London,Europe/Berlin,1,CPH,economy,economy,314.0,USD,EUR,1.137946,275.94,https://ignav.com/book/7a59596eee184b50a17954219debdf02,Check airline,verified,2026-07-26 16:00:43,2026-08-15,FALSE
Kayak,Kayak (multiple airlines),,MAN,FRA,,,Europe/London,Europe/Berlin,0,,economy,Economy,240.0,GBP,EUR,0.853976,281.04,https://www.kayak.co.uk/flights/MAN-FRA/2026-08-15,Check booking site,Price from Kayak,2026-07-26 16:00:43,2026-08-15,FALSE
Ignav API,SWISS,LX395,MAN,FRA,14:05,19:10,Europe/London,Europe/Berlin,1,ZRH,economy,economy,323.0,USD,EUR,1.137946,283.84,https://ignav.com/book/9ff22c23aa3a4bc3aaf6d3f87a9c7b12,Check airline,verified,2026-07-26 16:00:43,2026-08-15,FALSE
WhentoFly,SWISS,,MAN,FRA,,,Europe/London,Europe/Berlin,1,,economy,Economy,323.0,USD,EUR,1.137946,283.84,https://aviasales.tpm.li/wIcn8Lli,Check provider,Price via Aviasales/WhentoFly,2026-07-26 16:00:43,2026-08-15,FALSE
OctoTrip,Lufthansa,LH947,MAN,FRA,18:05,20:50,Europe/London,Europe/Berlin,0,,economy,Economy,285.69,EUR,EUR,1.0,285.69,https://mcp.octotrip.app/flights/r/019f9e15-8850-8040-a627-abb1e0a48717?u=19200070,Check provider,Duration: 105min,2026-07-26 16:00:43,2026-08-15,FALSE
Ignav API,Lufthansa,LH947,MAN,FRA,18:05,20:50,Europe/London,Europe/Berlin,0,,economy,economy,328.0,USD,EUR,1.137946,288.24,https://ignav.com/book/44594ac48b434a82bc746146527d6f79,Check airline,verified,2026-07-26 16:00:43,2026-08-15,FALSE
WhentoFly,Lufthansa,,MAN,FRA,,,Europe/London,Europe/Berlin,0,,economy,Economy,328.0,USD,EUR,1.137946,288.24,https://aviasales.tpm.li/MjpWKocf,Check provider,Price via Aviasales/WhentoFly,2026-07-26 16:00:43,2026-08-15,FALSE
Kayak,Kayak (multiple airlines),,MAN,FRA,,,Europe/London,Europe/Berlin,0,,economy,Economy,267.0,GBP,EUR,0.853976,312.66,https://www.kayak.co.uk/flights/MAN-FRA/2026-08-15,Check booking site,Price from Kayak,2026-07-26 16:00:43,2026-08-15,FALSE
Ignav API,Lufthansa City Airlines,VL943,MAN,FRA,11:10,13:55,Europe/London,Europe/Berlin,0,,economy,economy,363.0,USD,EUR,1.137946,319.0,https://ignav.com/book/69c7eb8094cf49e488d88221ccc7f740,Check airline,verified,2026-07-26 16:00:43,2026-08-15,FALSE
Google Flights,Lufthansa City Airlines,VL1110,MAN,FRA,11:10,13:55,Europe/London,Europe/Berlin,0,,economy,Economy,320.0,EUR,EUR,1.0,320.0,https://www.google.com/travel/flights?q=Flights+to+FRA+from+MAN+on+2026-08-15,Check airline,Duration: 105min,2026-07-26 16:00:43,2026-08-15,FALSE
Ignav API,Brussels Airlines,SN2174,MAN,FRA,11:10,15:35,Europe/London,Europe/Berlin,1,BRU,economy,economy,424.0,USD,EUR,1.137946,372.6,https://ignav.com/book/cd7e452d3bd249aa8a615f7adff2f9f3,Check airline,verified,2026-07-26 16:00:43,2026-08-15,FALSE
WhentoFly,Brussels Airlines,,MAN,FRA,,,Europe/London,Europe/Berlin,1,,economy,Economy,424.0,USD,EUR,1.137946,372.6,https://aviasales.tpm.li/gZdlyjUn,Check provider,Price via Aviasales/WhentoFly,2026-07-26 16:00:43,2026-08-15,FALSE
Google Flights,Brussels Airlines,SN1110,MAN,FRA,11:10,15:35,Europe/London,Europe/Berlin,1,BRU,economy,Economy,373.0,EUR,EUR,1.0,373.0,https://www.google.com/travel/flights?q=Flights+to+FRA+from+MAN+on+2026-08-15,Check airline,Duration: 150min,2026-07-26 16:00:43,2026-08-15,FALSE
